title,subtitle,body,category,link
Watering the Ferns,,"## Too dry [⚠]{red}

- Check the pots every second morning. The soil should feel like a wrung-out cloth.

## Too wet [⚠]{blue}

- If water is still sitting in the saucer an hour later, tip it out and let the pot drain.

## Please…

- Refill the watering cans and leave them on the low shelf.
- Wipe up spills so the tiles stay dry.
- Snip off yellowed fronds and put them in the green bin, not the compost crate.
- Write the date on the tag whenever you repot something.
- Tell the desk if a plant looks poorly two visits in a row.",Plants,https://meadowlark.example/care/ferns
How to Move the Trolleys,,"- Push a trolley by the long handle, never by the shelves. Lock both wheels once it is parked.
- Before raising a shelf, check that nothing is taped to the frame or wound around the uprights.
- To raise a shelf, hold ↑ ↓ together on the grey lever until it clicks, then hold one arrow to move it.
- Leave the lever clipped to the trolley frame when you have finished with it.
- Don't lift a shelf off its brackets.",Equipment,https://meadowlark.example/kit/trolleys
Potting Bench Rules,1/2 – Share the space ☺,"## Sharp tools [⚠]{red}

- Return secateurs to the rack closed.
- No knives left blade-up in the tray.
- Gloves stay with the bench, not in your bag.

## Spills [⚠]{blue}

- Sweep loose compost into the tray before you leave.
- Keep liquid feed away from the seed drawers.

## Moving things

- Ask before shifting a bench; they are heavier than they look.
- Don't stand on stools or crates. Use the step, with someone holding it.
- Keep the aisle and the fire door clear.
- Bring nothing in from the street: no soil, no found timber.",Benches,https://meadowlark.example/rules/benches
How to Book a Grow Light,2/2 Booking a slot,"1. Send an email to **bookings@meadowlark.example** from the address on your membership card, saying which bench you need.
2. Wait for the confirmation reply listing the slot you were given.
3. Come to the desk and tap the **Bookings** tile on the screen.
4. Enter your membership number.
5. Enter the four-digit code from the confirmation email.
6. Wait a moment for your slot to appear.
7. Adjust the timer as needed: hours on, hours off, brightness.
8. Press **Start**.",Equipment,https://meadowlark.example/book/grow-lights
